Country Name,Time,Country Code,"Access to electricity, rural (% of rural population) [EG.ELC.ACCS.RU.ZS]",Adjusted savings: particulate emission damage (% of GNI) [NY.ADJ.DPEM.GN.ZS],"Birth rate, crude (per 1,000 people) [SP.DYN.CBRT.IN]","Cause of death, by communicable diseases and maternal, prenatal and nutrition conditions (% of total) [SH.DTH.COMM.ZS]","Cause of death, by non-communicable diseases (% of total) [SH.DTH.NCOM.ZS]",Domestic general government health expenditure per capita (current US$) [SH.XPD.GHED.PC.CD],Individuals using the Internet (% of population) [IT.NET.USER.ZS],Lifetime risk of maternal death (%) [SH.MMR.RISK.ZS],Lifetime risk of maternal death (1 in: rate varies by country) [SH.MMR.RISK],"Maternal mortality ratio (modeled estimate, per 100,000 live births) [SH.STA.MMRT]","Mortality from CVD, cancer, diabetes or CRD between exact ages 30 and 70, female (%) [SH.DYN.NCOM.FE.ZS]","Mortality rate attributed to household and ambient air pollution, age-standardized (per 100,000 population) [SH.STA.AIRP.P5]","Mortality rate attributed to household and ambient air pollution, age-standardized, female (per 100,000 female population) [SH.STA.AIRP.FE.P5]","Mortality rate attributed to household and ambient air pollution, age-standardized, male (per 100,000 male population) [SH.STA.AIRP.MA.P5]","Mortality rate attributed to unintentional poisoning, female (per 100,000 female population) [SH.STA.POIS.P5.FE]","Mortality rate attributed to unsafe water, unsafe sanitation and lack of hygiene (per 100,000 population) [SH.STA.WASH.P5]",People using at least basic drinking water services (% of population) [SH.H2O.BASW.ZS],People using at least basic sanitation services (% of population) [SH.STA.BASS.ZS],"People using at least basic sanitation services, urban (% of urban population) [SH.STA.BASS.UR.ZS]",Prevalence of anemia among children (% of children under 5) [SH.ANM.CHLD.ZS]
Afghanistan,2016,AFG,97.09935985,1.918810496,33.981,36.4,44.1,3.120401382,11.2,3.330913861,30,673,27.7,211.1,195,229,1.9,13.9,64.28648363,42.05418277,59.9219787,46.4
Albania,2016,ALB,100,0.15693402,12.08,2.9,93.1,177.7584991,66.3634447,0.027187058,3700,16,13.1,68,55,82,0.4,0.2,91.02037015,97.70487655,98.28801438,24.9
Algeria,2016,DZA,99.97308153,0.116624156,25.25,14.8,75.7,176.265213,42.94552688,0.371412332,270,113,13.2,49.7,44,55,0.6,1.9,93.51585098,87.54231646,89.67236867,30
American Samoa,2016,ASM,..,..,..,..,..,..,..,..,..,..,..,..,..,..,..,..,99.69643741,55.60755445,..,..
Andorra,2016,AND,100,..,8.8,..,..,1883.995361,97.93063712,..,..,..,..,..,..,..,..,..,100,100,100,12.8
Angola,2016,AGO,0,0.629412833,41.882,63.4,27.4,42.02880478,13,1.501205426,67,246,16,118.5,117,120,2,48.8,55.08427629,48.62794479,63.33675598,50.9
Antigua and Barbuda,2016,ATG,100,..,15.717,11.9,81.8,310.3971863,73,0.083550562,1200,43,20,29.9,24,37,0.4,0.1,96.73918628,87.50428238,..,32.3
Arab World,2016,ARB,79.66563504,0.27370976,26.13480325,19.97340575,66.19360066,199.311244,41.48747671,0.538260514,190,152,18.50974664,101.932592,90.50653046,114.0478871,0.926284786,7.416115164,88.41734133,82.84176543,90.31078264,39.95541514
Argentina,2016,ARG,99.73269241,0.117254948,17.383,15.9,77.6,710.9349976,70.96898082,0.095582587,1000,40,12.2,26.6,20,36,0.5,0.4,99.07837465,94.25850542,95.85623215,22.2
Armenia,2016,ARM,100,0.490258399,14.568,2.8,93.3,59.03839874,64.34602977,0.050547865,2000,26,15,54.8,38,78,0.4,0.2,99.89853557,93.40697156,99.58759699,31.5
Aruba,2016,ABW,100,..,11.404,..,..,..,93.54245387,..,..,..,..,..,..,..,..,..,97.86902338,97.54348112,..,..
Australia,2016,AUS,100,0.038765469,12.9,4.6,89.5,3429.609131,86.54,0.012334616,8100,6,7.2,8.4,7,10,0.2,0.1,99.96997202,99.99115238,..,13.9
Austria,2016,AUT,100,0.047684028,10,2.6,92.2,3407.780518,84.32374257,0.007393349,13500,5,8.5,15.3,12,19,0.2,0.1,100,99.97481352,99.95650379,12.6
Azerbaijan,2016,AZE,100,0.150554307,16.3,8.8,86.6,45.29822922,78.2,0.060127104,1700,26,16.1,63.9,51,80,0.3,1.1,90.71031547,92.48309488,96.44327863,23.9
"Bahamas, The",2016,BHS,100,0.144854556,14.131,16.9,73.9,915.0580444,80,0.125916474,790,72,12.7,19.9,15,26,0.1,0.1,98.8869605,94.93058233,..,29.5
Bahrain,2016,BHR,100,0.106050765,14.738,6.9,83,674.6148071,97.9999807,0.034427671,2900,15,11.9,40.1,35,45,0.1,0.1,100,100,..,30.1
Bangladesh,2016,BGD,66.00840498,0.570108502,18.824,25.6,66.9,5.503601551,18.02,0.429953378,230,186,20.4,149,137,161,0.2,11.9,96.88253034,47.00580284,49.99802191,40.3
Barbados,2016,BRB,100,0.252898597,10.732,13,82.8,533.9822998,79.54939789,0.046849621,2100,30,12.9,31.1,25,39,0.2,0.2,98.48444616,96.85555159,..,31.9
Belarus,2016,BLR,100,0.170118136,12.4,2.5,90.5,211.0795135,71.11304576,0.004468557,22400,3,13.8,60.7,40,94,1.1,0.1,96.47418366,97.77775129,98.20183515,25.4
Belgium,2016,BEL,100,0.053285461,10.8,7.9,85.7,3298.588623,86.51647666,0.009536222,10500,5,8.6,15.7,12,21,0.2,0.3,99.99999866,99.48605762,99.48612539,12.6
Belize,2016,BLZ,96.20459659,0.25746628,21.4,19.4,67.4,201.2610931,44.57574032,0.104718454,950,39,18.5,68.6,55,83,0.3,1,97.58453954,87.53477602,92.55036639,22.5
Benin,2016,BEN,16.44996667,1.121342384,37.027,54.1,35.7,6.243734837,11.99404791,2.124416888,47,408,19.3,205,193,219,2.7,59.7,66.32023997,16.35113779,26.50506959,62.1
Bermuda,2016,BMU,100,..,9.6,..,..,..,98,..,..,..,..,..,..,..,..,..,99.90314002,99.90314002,99.90314002,..
Bhutan,2016,BTN,99.71204641,0.749566662,17.625,20.9,68.6,67.54524231,41.77264453,0.425597732,230,193,24.9,124.5,130,120,0.5,3.9,97.20762543,68.28248382,72.68628733,43.5
Bolivia,2016,BOL,74.86946051,0.238136317,22.433,22.4,64.5,138.0803833,39.6975146,0.48331659,210,161,16.8,63.7,56,72,1.4,5.6,92.1768992,58.80000805,69.78606146,46.9
Bosnia and Herzegovina,2016,BIH,100,0.267191243,8.477,1.8,94.5,315.2027588,60.25653543,0.012457226,8000,10,12.9,79.8,62,101,0.4,0.1,96.1512618,95.33614877,98.86717837,28
Botswana,2016,BWA,23.98826924,0.167612078,25.943,46,45.7,257.197113,39.36299738,0.479710684,210,151,17.9,101.3,88,120,1.1,11.8,89.40444008,76.01730993,88.44734426,40.4
Brazil,2016,BRA,98.46712997,0.150349661,14.307,13.9,73.9,341.8146362,60.87254007,0.111558308,900,62,13.5,29.9,24,37,0.2,1,97.84798562,87.42636006,92.08271277,25.1
British Virgin Islands,2016,VGB,100,..,..,..,..,..,77.70142968,..,..,..,..,..,..,..,..,..,99.86438356,96.85797948,..,..
Brunei Darussalam,2016,BRN,100,0.046519781,15.882,7.8,84.8,652.296875,90,0.06090028,1600,31,14.8,13.3,11,15,0.2,0.1,99.90000909,..,..,16.1
Bulgaria,2016,BGR,100,0.222371625,9.1,2.2,95.2,309.6886597,59.82554766,0.014928748,6700,10,15.5,61.8,45,82,0.4,0.1,99.14817534,85.99330573,86.7803838,26.9
Burkina Faso,2016,BFA,8.41218731,1.688913404,38.92,56.3,32.7,16.41615677,13.96,1.829265196,55,331,21.2,206.2,194,223,2.6,49.6,48.26771688,19.12627904,40.13079418,86.2
Burundi,2016,BDI,2.213114749,1.269630768,40.278,55.8,32.1,5.377487659,5.173626777,3.137941556,32,558,22.7,179.9,173,187,3.7,65.4,60.20415203,45.85101926,41.90187139,47.3
Cabo Verde,2016,CPV,85.13048062,0.2304624,20.345,19.5,70.3,94.91269684,50.32281787,0.155770556,640,59,15.9,99.5,85,120,0.5,4.1,86.48798699,72.24600082,78.77972913,55.1
Cambodia,2016,KHM,70.29614408,0.570525361,23.291,25.6,64.4,16.93820763,32.39845171,0.488032498,200,168,19.1,149.8,140,164,0.5,6.5,76.94537425,56.60150096,94.42601124,54.4
Cameroon,2016,CMR,20.62002547,0.799976628,36.429,53.9,35.2,8.597993851,23.20297197,2.61579093,38,538,20.9,208.1,190,228,2.2,45.2,60.15572037,38.84740465,55.947277,62.5
Canada,2016,CAN,100,0.048742924,10.6,5.6,88.3,3338.797119,91.16,0.016605246,6000,10,8.1,7,5,9,0.3,0.4,99.41262381,99.32453042,99.44724438,9.4
Caribbean small states,2016,CSS,95.78385552,0.196470368,16.31807087,12.62291448,77.86732662,309.77345,52.95321095,0.183968101,540,89,16.63986668,42.29906069,34.89760209,50.53463832,0.265245603,0.915753071,94.44451256,88.9593256,..,30.59048699
Cayman Islands,2016,CYM,100,..,10.76127896,..,..,..,79,..,..,..,..,..,..,..,..,..,96.125,83.654025,83.654025,..
Central African Republic,2016,CAF,12.64236236,0.644965649,36.029,63.7,26,2.406303406,4,4.410273959,23,890,22.4,211.9,204,221,2.3,82.1,46.33375843,25.31967074,49.10019667,71.9
Central Europe and the Baltics,2016,CEB,100,0.129601433,10.09643778,4.021461373,91.53961003,613.553704,71.34198079,0.012683328,7900,9,12.77681701,42.03722197,29.93344319,57.5154395,0.229189591,0.177176424,99.54924249,94.37333284,96.78565715,26.4066168
Chad,2016,TCD,2.464962262,3.063018197,43.201,63.4,27.3,5.803085327,5,7.038785321,14,1140,23.7,280.1,262,301,2.4,101,38.85259078,8.583368588,30.35664353,73.3
Channel Islands,2016,CHI,..,..,10.044,..,..,..,..,..,..,..,..,..,..,..,..,..,94.15,98.5,..,..
Chile,2016,CHL,100,0.108220395,13.031,8.1,84.7,590.8116455,83.55858602,0.023301792,4300,13,10.1,25.3,19,33,0.1,0.2,99.62218018,100,100,20
China,2016,CHN,100,0.286573734,12.95,3.8,89.3,231.4363251,53.2,0.04802765,2100,29,14.1,112.7,100,126,1.6,0.6,92.30404657,83.23517302,90.01445503,21.4
Colombia,2016,COL,92.76199469,0.110377858,15.308,10.1,74.8,288.1964111,58.13649357,0.162509685,620,84,13.5,37,30,45,0.2,0.8,96.96180582,88.58699402,92.07851501,26.6
Comoros,2016,COM,71.08003294,0.848972505,32.852,47.4,41.7,8.626795769,7.938322771,1.252147097,80,279,21.2,172.4,154,192,1.9,50.7,80.1488535,35.8348916,45.23662961,48.1
"Congo, Dem. Rep.",2016,COD,0,1.706245127,42.278,61.7,28,2.600293398,6.20997406,3.028550436,33,481,19.2,163.9,166,160,2.5,59.8,42.97676739,20.42609827,23.3823009,63.2
"Congo, Rep.",2016,COG,22.19433743,0.673231722,33.933,55.5,34.6,23.85995865,8.121949323,1.846028943,54,397,17.4,130.7,138,122,1,38.7,72.18665642,19.54805317,26.41098997,64.3
Costa Rica,2016,CRI,98.45259369,0.097254466,14.512,6.4,83.3,650.017334,65.88044919,0.052628983,1900,28,9.4,23.3,18,29,0.1,0.9,99.69976372,97.54897669,98.22212254,28.7
Cote d'Ivoire,2016,CIV,36.7315406,0.87898204,36.225,52.4,37.2,17.18746758,41.20781493,3.030849852,33,636,30.1,269.1,259,279,2.8,47.2,72.76204674,31.34862262,45.57656155,73.4
Croatia,2016,HRV,100,0.118046857,9,2.3,92.4,695.9624634,72.69726967,0.009777822,10200,7,10.7,35.5,25,48,0.1,0.1,99.58675456,96.51257251,97.82970395,27.1
Cuba,2016,CUB,98.47164077,..,10.611,8.4,83.7,871.7944336,42.97867519,0.056661791,1800,37,13.8,49.5,42,58,0.5,1,95.32452339,92.81145886,92.21689641,29.3
Curacao,2016,CUW,100,..,11.2,..,..,..,61.85551074,..,..,..,..,..,..,..,..,..,99.49775185,98.95027512,..,..
Cyprus,2016,CYP,100,0.07625154,10.852,4.1,91.1,689.190918,75.9002054,0.009355125,10700,6,7.5,20.1,13,28,0.1,0.3,99.61319936,99.20413372,99.54946304,17.5
Czech Republic,2016,CZE,100,0.09221899,10.7,5.4,89.9,1082.120483,76.4811987,0.00602772,16600,4,10.2,29.6,21,40,0.2,0.2,99.88016949,99.13478358,99.09274194,25.8
Denmark,2016,DNK,100,0.061169299,10.8,6.5,89.7,4681.911621,96.96778525,0.006749066,14800,4,9.5,13.2,11,16,0.1,0.3,99.99999893,99.59722928,99.59718026,12.7
Djibouti,2016,DJI,23.86332293,0.43721235,22.432,45.2,44.4,36.74410248,13.13491511,0.701171773,140,246,18.2,159,143,177,1.8,31.3,75.60251275,62.34721196,74.95803689,42
Dominica,2016,DMA,100,..,..,..,..,269.4382935,67.03,..,..,..,..,..,..,..,..,..,..,..,..,32.5
Dominican Republic,2016,DOM,95.03713201,0.32257088,20.07,15.8,72.3,189.437088,63.87086474,0.246681985,410,94,16.5,43,36,50,0.4,2.2,96.5763681,83.53956123,86.15224001,28
Early-demographic dividend,2016,EAR,78.73738649,0.40603358,20.78695434,24.93965419,64.9343668,80.30875494,30.16674985,0.412535784,240,152,19.20934125,142.5589137,125.186413,160.8731013,1.365207617,13.46452836,90.1301808,64.43333667,77.6137,46.34119769
East Asia & Pacific,2016,EAS,94.97770386,0.20938454,14.02034078,9.031294116,83.92139293,435.7196113,53.18742089,0.127869741,780,71,14.44251577,105.0337654,90.17204402,121.9840137,1.116757035,2.069932991,92.35046586,82.75369631,88.54255933,25.79405337
East Asia & Pacific (excluding high income),2016,EAP,94.84739552,0.2919081,14.66625864,8.721649429,84.08003219,177.950602,48.72880783,0.140036536,710,75,15.4055401,114.5022089,98.80036774,132.3198646,1.206387197,2.225841464,91.59605002,80.91904268,88.38923297,26.63242163
East Asia & Pacific (IDA & IBRD countries),2016,TEA,95.31924098,0.2919081,14.67559937,8.70993801,84.08725497,177.9577921,48.72880783,0.13975445,720,74,15.37820524,113.3452305,98.0314046,130.4530995,1.198676568,2.236148945,91.55513862,80.90131463,88.37996965,26.57651148
Ecuador,2016,ECU,96.78349152,0.159530765,20.205,15.1,72.2,258.4050598,54.06292473,0.162803769,610,61,12.2,24.5,21,29,0.4,0.6,93.68204774,87.17655336,90.56502144,27.7
"Egypt, Arab Rep.",2016,EGY,100,0.67525448,27.677,10.2,84.1,46.76147079,41.24806709,0.142537776,700,38,23.8,108.9,90,130,0.2,2,99.03285678,94.07834373,98.1106816,31.7
El Salvador,2016,SLV,90.26413298,0.308230771,18.587,10.8,73.8,189.4038391,28.99707305,0.107071374,930,47,13.1,41.9,35,51,0.1,2,97.06385625,87.22763606,90.91727472,30.6
Equatorial Guinea,2016,GNQ,6.046152378,0.460498834,34.234,53.4,35.9,63.86697388,23.77999997,1.5279493,65,301,21.3,177.7,174,181,1.5,22.3,64.42551872,66.24854149,69.89879365,64
Eritrea,2016,ERI,28.50449718,..,31.521,42.9,45.2,8.733866692,1.17711872,2.282852226,44,498,22.7,173.7,150,201,2.7,45.6,51.84971842,11.93996619,21.99299713,56.6
Estonia,2016,EST,100,0.068096256,10.7,2.8,92.7,893.9533081,87.24023275,0.017563075,5700,11,10.3,25,17,36,0.2,0.1,99.71165403,99.13973696,99.04753322,26
Eswatini,2016,SWZ,63.73798484,0.681852816,27.176,53.7,36.7,80.86003113,28.57352278,1.40440732,71,436,24.4,137,124,157,3.4,27.9,68.94829243,58.36818914,50.89582469,42
Ethiopia,2016,ETH,32.36383552,0.472535109,33.207,49,39.3,6.341966152,15.36692386,1.948303083,51,422,18,144.4,132,158,2.2,43.7,40.04142321,7.090740001,19.38640604,50
Euro area,2016,EMU,100,0.059154914,9.689279771,5.422158354,90.04816839,2861.612518,77.98945493,0.008071372,12400,5,7.897039668,14.25291562,10.34785501,19.01632642,0.290047008,0.289158374,99.80971241,98.85027353,98.9217175,13.44376043
Europe & Central Asia,2016,ECS,99.99894243,0.083889304,12.33331962,5.266375883,89.36690704,1624.96048,72.44627768,0.024016537,4200,13,11.69821642,36.32911565,26.23830384,49.59517997,0.438337308,0.303721904,98.17590541,96.47989259,97.94811488,22.1681248
Europe & Central Asia (excluding high income),2016,ECA,99.9980271,0.217015418,15.02360931,4.946082404,88.64843286,225.9558791,62.51793421,0.040507339,2500,20,15.48991873,60.08407796,42.8821947,83.4881727,0.653166208,0.366263817,96.19148028,93.6165078,96.64015879,28.27786596
Europe & Central Asia (IDA & IBRD countries),2016,TEC,99.99824355,0.204827429,14.55798496,4.921673061,88.8265645,258.5272422,63.51476431,0.037345005,2700,18,15.16856845,58.00125701,41.3216534,80.57669907,0.610606506,0.341529854,96.48989492,94.04207896,96.7717155,28.16207176
European Union,2016,EUU,100,..,9.839690004,5.111679561,90.43348121,2331.866426,79.23845795,0.008942905,11200,6,8.969853119,19.95613518,14.44239397,26.7749295,0.274031366,0.267210037,99.78100296,97.91397392,98.54777366,15.94498101
Faroe Islands,2016,FRO,100,..,13.6,..,..,..,95.10868167,..,..,..,..,..,..,..,..,..,100,..,..,..
Fiji,2016,FJI,93.36748117,0.553193413,21.799,10.1,84.4,114.9676056,46.50697831,0.103232734,970,34,24,99,70,131,0.2,2.9,93.7446242,95.06922889,95.32935799,37.5
Finland,2016,FIN,100,0.02764368,9.6,1.3,93.2,3133.27124,87.70364996,0.005530602,18100,3,7.2,7.2,5,10,0.2,0.1,100.0000022,99.44785618,99.44700461,12.6
Fragile and conflict affected situations,2016,FCS,34.24439024,0.809764554,34.48052574,50.36225975,37.72705121,19.27138402,17.13823905,2.805633166,36,592,21.77760578,201.665981,194.9290898,209.247061,2.054728073,43.15532617,66.7977734,44.03474131,54.52821359,60.88942384
France,2016,FRA,100,0.041564176,11.8,6,87.6,3272.472656,79.26981132,0.014834282,6700,8,7.2,9.7,7,13,0.6,0.3,100.0000015,98.65080612,98.59013092,12.9
French Polynesia,2016,PYF,100,..,15.209,..,..,..,68.44041949,..,..,..,..,..,..,..,..,..,100,96.85461383,..,..
Gabon,2016,GAB,44.4031371,0.203239923,32.604,49.9,41,142.3211517,48.05227375,1.095333321,91,256,13.9,76,73,79,0.8,20.6,85.62704687,47.36637167,48.65327072,62.5
"Gambia, The",2016,GMB,23.2735931,1.239034979,39.363,54.8,34.3,4.30568552,18.5,3.286805334,30,611,18.9,237,220,254,1.5,29.7,77.82723767,39.12299713,45.48860678,75.7
Georgia,2016,GEO,100,0.516222613,13.925,2.7,93.7,113.0216446,58.45928961,0.053827385,1900,26,15.9,101.8,73,140,0.5,0.2,98.17054967,90.25437442,95.15806545,23.6
Germany,2016,DEU,100,0.078089644,9.6,4.8,91.2,3656.886475,84.16520664,0.007432008,13500,5,8.9,16,12,21,0.2,0.6,100,99.22492593,99.29364279,12.4
Ghana,2016,GHA,66.59609202,0.694950574,30.28,47.5,42.7,25.89339638,34.66600065,1.25968423,79,314,23.2,203.8,204,203,1.3,18.8,80.43577313,17.80599013,23.1060847,66.9
Gibraltar,2016,GIB,100,..,..,..,..,..,94.44447158,..,..,..,..,..,..,..,..,..,100,100,100,..
Greece,2016,GRC,100,0.095356816,8.6,10.9,86.2,906.3599854,69.08791547,0.003932806,25400,3,7.7,27.6,20,36,0.1,0.1,99.99999782,98.97959928,99.2097985,13.9
Greenland,2016,GRL,100,..,14.8,..,..,..,68.50087368,..,..,..,..,..,..,..,..,..,99.99999915,99.59723483,99.59718026,..
Grenada,2016,GRD,94.46616359,..,16.905,11.9,81.3,214.0135498,55.85640782,0.058087644,1700,25,17.3,45.3,39,52,0.3,0.3,95.62865044,91.49389213,..,34
Guam,2016,GUM,100,..,16.854,..,..,..,77.00999989,..,..,..,..,..,..,..,..,..,99.6952,90.35076551,..,..
Guatemala,2016,GTM,86.94148677,0.481151382,25.267,25.1,59.2,90.58852386,34.50932609,0.320602352,310,98,15,73.8,68,81,0.8,6.3,93.72089205,65.02274536,79.37134783,36.5
Guinea,2016,GIN,6.742915823,0.912831481,37.171,55.7,35.1,4.606952667,9.8,3.143498455,32,621,22.9,243.3,237,249,2.1,44.6,62.10819007,21.88899337,33.01481021,74.4
Guinea-Bissau,2016,GNB,8.381547008,1.075643648,36.265,62.1,30,3.764195919,3.761413832,3.277432033,31,679,19.9,214.7,206,225,1.5,35.3,66.508234,20.41955111,36.94176651,68.1
Guyana,2016,GUY,87.30771019,0.301404158,20.427,20,67.6,146.7705841,35.66,0.451284442,220,170,28.8,107.8,98,117,0.7,3.6,95.53635141,85.75872346,91.51075875,37.9
Haiti,2016,HTI,0,1.405839857,25.162,30.3,57.1,6.511879921,12.23260161,1.542444699,65,489,25,184.3,172,198,2.2,23.8,65.0230173,33.59935076,42.74331145,58.2
Heavily indebted poor countries (HIPC),2016,HPC,23.90847972,0.944591891,36.19633514,52.91210918,35.9038349,14.89277454,15.3506985,2.414848556,41,477,20.51350108,173.3144633,165.7958588,181.4938438,2.246584054,41.11049347,56.58481564,26.02031324,40.30222441,59.64204772
High income,2016,HIC,99.94729528,0.08699013,10.84859469,6.691179656,87.76679127,4140.554616,84.16797688,0.01813196,5500,11,9.137262307,17.83632283,12.94743532,23.48340319,0.415313423,0.297733887,99.48329004,99.33769976,99.30870273,14.28196091
Honduras,2016,HND,82.12668399,0.375669074,22.13,14,66.5,80.48381042,29.5,0.183041318,550,65,12.1,60.7,48,76,0.2,3.6,94.28603174,80.24248182,84.81018499,31.4
"Hong Kong SAR, China",2016,HKG,100,..,8.3,..,..,..,87.47941467,..,..,..,..,..,..,..,..,..,100,96.4622449,96.4622449,..
Hungary,2016,HUN,100,0.159081378,9.7,1.8,93.8,619.010376,79.25941213,0.016273897,6100,12,15.6,38.8,28,53,0.1,0.2,99.97080746,97.99318159,97.75510204,26.6
IBRD only,2016,IBD,92.18910955,0.302059277,16.64900474,14.1724543,76.97201611,157.4877595,43.91361957,0.199195621,500,92,16.17164421,114.419752,98.51501587,131.7483613,1.171034765,6.808392695,93.12378367,76.93029901,86.84228598,36.4887398
Iceland,2016,ISL,100,0.048302887,12,4.4,89.8,4127.349121,98.2400163,0.008098624,12300,4,8.2,8.7,7,11,0.1,0.1,99.99999885,98.7826612,98.7012987,12.4
IDA & IBRD total,2016,IBT,76.00155593,0.349982852,20.46046922,22.98718758,67.80701538,122.6607796,37.5202087,0.630505905,160,234,17.0598131,130.873315,116.5973622,146.4110082,1.396597925,13.82124085,87.33425161,67.63584981,80.47148901,44.47397362
IDA blend,2016,IDB,49.37344928,1.132974324,32.41475556,50.07895812,41.69407552,17.80173522,20.80293408,2.258539284,44,515,21.70988049,204.6967343,194.2337647,215.0815528,2.573796639,39.61353149,77.95396547,48.84642879,60.71462137,59.48385664
IDA only,2016,IDX,37.07503844,0.832976956,31.56484798,45.80082766,42.90839833,12.60399774,16.93567254,1.795100285,56,422,20.70676722,167.4889902,157.8882193,178.1169039,1.80643125,32.33930246,65.93314523,35.19336538,47.2236512,56.96643119
IDA total,2016,IDA,40.90378604,0.982365757,31.85278791,47.35983374,42.46588339,14.4490756,18.24760825,1.951454957,51,454,21.04626036,180.1092052,170.0701778,190.8024153,2.063629572,34.80659352,70.0102174,39.82404147,52.47987409,57.82672467
India,2016,IND,85.21428423,0.809905481,18.332,26,62.7,16.26901245,22,0.36466998,270,150,19.8,184.3,166,202,1.9,18.6,91.85927535,56.94165514,70.63888646,57.3
Indonesia,2016,IDN,94.93940346,0.375064605,18.79,20.7,73.3,49.89876556,25.4473537,0.440175094,230,184,22.6,112.4,94,134,0.2,7.1,88.65653398,71.25313269,79.16165629,36.8
"Iran, Islamic Rep.",2016,IRN,100,0.128037304,19.102,7.9,81.9,229.8636627,53.22677167,0.037915801,2600,16,13.7,50.9,46,56,0.8,1,95.20149447,88.35525906,91.7399848,28.2
Iraq,2016,IRQ,99.95402873,0.236956329,30.388,16.8,54.7,32.1986618,21.23,0.319300416,310,78,18.3,75.1,64,88,0.4,3,95.61297327,92.42690665,95.26117598,24.1
Ireland,2016,IRL,100,0.041368737,13.4,5.1,90.6,3421.731934,85.01113212,0.011352643,8800,6,8.7,11.9,9,15,0.1,0.1,97.38347739,91.14664278,89.36827271,12.5
Isle of Man,2016,IMN,100,..,..,..,..,..,..,..,..,..,..,..,..,..,..,..,99.075,..,..,..
Israel,2016,ISR,100,0.080798825,21.2,10,85.8,1814.676025,79.65312418,0.010853931,9200,3,7.5,15.4,11,21,0.1,0.2,99.99999925,99.99999925,100,13.4
Italy,2016,ITA,100,0.05827582,7.8,4.9,91.4,2041.945313,61.32425277,0.002177243,45900,2,7.2,15,11,20,0.3,0.1,99.44249434,98.7718902,98.82847604,13.3
Jamaica,2016,JAM,96.61915631,0.255900614,16.46,11.2,80,179.3983307,44.36685637,0.166932378,600,80,13.4,25.4,21,30,0.2,0.6,90.61791998,87.32379504,85.52851547,27.7
Japan,2016,JPN,100,0.077786862,7.8,12.7,82.4,3508.4729,93.18272128,0.006098915,16400,5,5.7,11.9,8,17,0.3,0.2,98.97,99.90241732,..,13.2
Jordan,2016,JOR,100,0.173104467,23.396,10.7,78.4,146.5031891,62.30219257,0.144812194,690,47,15.6,51.2,39,65,0.8,0.6,98.97105489,97.43348058,97.5429218,31.1
Kazakhstan,2016,KAZ,100,0.139559781,22.52,4.5,86,157.1102753,74.58772647,0.030953084,3200,10,18.5,62.7,47,86,1.3,0.4,95.04380828,97.80581741,97.0078634,29.3
Kenya,2016,KEN,61.09008732,0.487850983,29.943,63.3,27.1,31.42089081,16.6,1.362635945,73,346,13,78.1,75,81,1.1,51.2,58.28035419,29.29678479,34.76953417,41.1
Kiribati,2016,KIR,99.24165791,..,28.663,28.7,64.4,115.624588,13.7,0.350118875,290,94,22.9,140.2,107,187,2,16.7,70.34607127,46.58968114,..,39.1
"Korea, Dem. People's Rep.",2016,PRK,49.30359642,..,13.916,9.5,83.6,..,..,0.162712971,610,90,17.6,207.2,158,288,1.8,1.4,94.86210128,82.40860715,89.04658957,31.3
"Korea, Rep.",2016,KOR,100,0.095347603,7.9,10.1,79.8,1174.702759,92.84302568,0.012549583,8000,11,4.7,20.5,14,29,0.3,1.8,99.67540217,100,..,12.3
Kosovo,2016,XKX,100,..,16.8,..,..,..,..,..,..,..,..,..,..,..,..,..,..,..,..,..
Kuwait,2016,KWT,100,0.101488242,15.369,14.8,72.4,900.6123657,78.36738376,0.023837063,4200,12,14.7,103.8,89,114,0.1,0.1,100,100,..,25.3
Kyrgyz Republic,2016,KGZ,99.99273459,0.303474991,26,9.6,82.7,28.5672226,37,0.222592501,450,63,17.3,110.7,87,142,0.4,0.8,87.42695568,96.5211618,91.79413636,38.3
Lao PDR,2016,LAO,86.76116492,0.667442622,24.337,31.4,59.6,17.88978958,21.87,0.605506893,170,196,24.9,188.5,182,196,0.8,11.3,79.94190199,71.93004839,93.61408145,43.8
Late-demographic dividend,2016,LTE,99.14490985,0.23918826,13.53268043,5.881718851,86.42053962,255.8995318,56.75187195,0.061595753,1600,35,13.94483851,89.32320299,75.7295456,104.8519091,1.1211481,0.753578314,93.83776348,86.02794563,91.79636323,24.18764259
Latin America & Caribbean,2016,LCN,89.89511324,0.15510502,16.8603226,13.626839,74.65848122,326.4648705,57.35461427,0.163867467,610,76,13.59396277,39.33399853,32.54968328,47.315816,0.345333233,1.666678406,96.46652656,86.51151437,90.75119776,28.43162564
Latin America & Caribbean (excluding high income),2016,LAC,89.56211244,0.160253248,17.03980615,13.85078539,74.23577712,306.9935145,56.38747414,0.169725141,590,78,13.72373005,39.99786696,33.18159252,48.00485325,0.354593691,1.722627139,96.34564327,85.97681671,90.38056947,28.65245592
Latin America & the Caribbean (IDA & IBRD countries),2016,TLA,89.66330775,0.155904293,17.03175765,13.7638995,74.41210726,315.4273038,57.52467638,0.166481782,600,76,13.59038999,39.16187536,32.39112123,47.13318897,0.342722338,1.680652712,96.48023726,86.31737961,90.7246105,28.41948063
Latvia,2016,LVA,100,0.1552812,11.2,2.7,91.8,488.200592,79.84209778,0.04263954,2300,26,13.4,41.3,28,60,0.3,0.1,98.57478637,91.78196205,96.05245132,26.1
Least developed countries: UN classification,2016,LDC,33.9255882,0.849831409,32.15847168,47.54998568,41.94551909,10.82193578,15.06093524,1.859631299,54,427,20.51892007,166.680347,157.2707026,177.1028493,1.869889264,34.34608809,63.77437211,33.47962144,46.37031617,56.98440846
Lebanon,2016,LBN,100,0.304353034,17.744,3.6,90.6,331.6714172,76.11,0.06192644,1600,29,15.2,51.4,41,61,0.3,0.8,92.6,96.92084295,..,25
Lesotho,2016,LSO,18.94987902,1.024495491,27.501,59.3,32.3,54.56646347,27.36,1.802205188,55,559,25.2,177.6,166,196,3.3,44.4,68.62891179,40.77341633,41.31493962,50.4
Liberia,2016,LBR,5.454986511,1.218114438,33.843,58.5,31.4,9.831602097,7.319106411,3.13199191,32,661,17.7,170.2,172,168,1.1,41.5,72.44900137,16.83280719,27.77997168,68.6
Libya,2016,LBY,71.69437408,0.637819123,19.935,8,71.9,..,20.27215956,0.177744564,560,73,15.9,71.9,54,92,0.4,0.6,98.52894737,100,..,28.8
Liechtenstein,2016,LIE,100,..,10,..,..,..,98.09390389,..,..,..,..,..,..,..,..,..,100,99.95,..,..
Lithuania,2016,LTU,100,..,10.7,3.6,89.8,650.0319214,74.37664556,0.01346699,7400,8,12.4,34,23,51,0.3,0.1,97.07374359,92.81072301,97.06451299,25.5
Low & middle income,2016,LMY,75.7859385,0.357520869,20.52136096,23.11943296,67.64080184,118.2221164,37.1359991,0.63351838,160,234,17.12867536,132.1297561,117.7120155,147.9048012,1.410762945,13.89874672,87.25336561,67.42876657,80.29034356,44.53199287
Low income,2016,LIC,27.59507811,1.054672637,35.19420766,50.11571278,37.89169427,7.902006364,13.08290863,2.325102533,43,476,20.27760672,172.6826545,162.9715249,184.1553334,2.184033878,40.4606078,56.56866404,29.79507331,44.39727264,58.5897068
Lower middle income,2016,LMC,76.33259657,0.704987315,22.24653801,30.25400241,60.29685499,25.59472304,26.0708924,0.758677886,130,259,20.06542673,167.1131568,150.2362595,184.9368651,1.553401306,19.18331215,87.97071226,59.26194709,71.11201201,51.49636934
Luxembourg,2016,LUX,100,0.04100442,10.4,4.9,88.4,4747.103516,98.13669867,0.00829593,12100,5,7.7,11.6,8,15,0.1,0.1,99.90687142,97.60554225,97.48433664,12.6
"Macao SAR, China",2016,MAC,100,..,11.31,..,..,..,81.64298546,..,..,..,..,..,..,..,..,..,100,..,..,..
Madagascar,2016,MDG,0,1.538150548,33.138,46.2,43.2,11.27583694,4.713662899,1.589389662,63,348,21.5,159.6,153,167,2.6,30.2,53.18464963,10.12063953,17.22731474,48.8
Malawi,2016,MWI,4.871584495,0.910379994,35.163,59.7,31.7,8.252727509,11.47,1.749094497,57,358,14.5,115,104,130,1.5,28.3,67.91184011,25.90400219,33.93290037,59.2
Malaysia,2016,MYS,100,0.230997736,16.957,17.5,73.6,182.4657135,78.78830993,0.063652659,1600,29,14,47.4,39,56,0.3,0.4,96.72461587,99.56485343,99.86251011,30.8
Maldives,2016,MDV,99.95500033,0.061328431,15.641,8,84.4,760.2227783,59.09258997,0.125220073,800,54,10.3,25.6,21,30,0,0.3,99.23921181,99.21069892,99.1348876,39
Mali,2016,MLI,9.313746398,1.597130576,42.638,60.6,30.5,9.415342331,11.11218649,3.707661292,27,590,26.2,209.1,216,201,2.4,70.7,76.58434968,37.74745111,52.01060399,83.4
Malta,2016,MLT,100,0.063967458,9.8,6.4,90.5,1463.74353,78.0751488,0.0095468,10500,6,8,20.2,15,26,0.1,0.1,99.99999822,99.95887563,99.95647482,13.3
Marshall Islands,2016,MHL,88.53932954,..,..,..,..,263.2951355,29.78777936,..,..,..,..,..,..,..,..,..,87.35748409,83.23294667,90.9315135,36.1
Mauritania,2016,MRT,0,0.587045098,34.569,53.4,37.2,17.84304428,18,3.689926241,27,777,18,169.5,157,184,1.2,38.6,68.83201784,45.93043239,71.61268252,67.9
Mauritius,2016,MUS,100,0.18410404,10.4,6.5,88.7,243.9844971,52.19132594,0.094394853,1100,67,17.5,38.3,28,50,0.1,0.6,99.86639665,95.50537854,95.96853657,39.1
Mexico,2016,MEX,98.33106794,0.167824788,18.245,9.8,79.9,248.6588593,59.540446,0.079424994,1300,34,14.1,36.7,30,44,0.3,1.1,98.88367938,90.30357097,92.74917641,28.2
"Micronesia, Fed. Sts.",2016,FSM,74.42186113,..,23.069,18.5,74.8,107.6559677,33.35216255,0.275605335,360,90,23.1,151.8,135,171,0.6,3.6,78.56647902,88.30933155,..,38.2
Middle East & North Africa,2016,MEA,94.38199902,0.201523139,23.49055241,12.05348393,74.54913524,262.4228595,48.49469226,0.179003863,560,58,16.69372488,78.51108421,67.49939988,90.08349591,0.611400822,2.15814077,93.92780321,90.41001967,93.90435031,34.468346
Middle East & North Africa (excluding high income),2016,MNA,94.05758135,0.318764771,24.5488393,12.24265731,74.36176796,121.1392493,43.21821218,0.20078726,500,63,17.23497712,80.60989073,69.13188724,93.33540468,0.649773527,2.511969561,93.06922093,88.81401579,93.56324818,34.82057069
Middle East & North Africa (IDA & IBRD countries),2016,TMN,94.01352436,0.318764771,24.47695354,12.24265731,74.36176796,121.1392493,42.99068822,0.201691374,500,63,17.23497712,80.60989073,69.13188724,93.33540468,0.649773527,2.511969561,93.02856536,88.71718108,93.50649724,34.94684968
Middle income,2016,MIC,83.91172542,0.348023471,18.75210142,19.4999873,71.62932467,129.72748,39.90992924,0.439729184,230,179,16.88322292,127.2344198,112.1363301,143.6163646,1.315500856,10.69233609,90.9544608,71.96802796,82.99804288,41.54045892
Moldova,2016,MDA,100,0.266117024,10.445,4.2,90.1,83.52581024,70.99999911,0.027174653,3700,20,17.3,78.3,61,102,0.7,0.1,88.68506143,75.82827451,86.0855916,26.3
Monaco,2016,MCO,100,..,7.8,..,..,2338.811523,95.20817797,..,..,..,..,..,..,..,..,..,100,100,100,..
Mongolia,2016,MNG,52.47719553,0.369345969,25.425,9.7,79.7,96.99317169,22.2657705,0.144637541,690,46,21.9,155.9,119,203,1,1.3,82.80057761,58.46301597,66.32877723,30.3
Montenegro,2016,MNE,100,0.139120679,11.804,1.4,95,..,69.88164684,0.010229795,9800,6,14.9,78.6,62,98,0.4,0.1,97.05335595,97.7542038,99.73706642,26.9
Morocco,2016,MAR,99.9846277,0.425741074,19.868,14,79.6,65.22773743,58.27123642,0.185406178,540,72,11.3,49.1,42,58,0.5,1.9,86.63644194,88.41946438,94.35506608,34
Mozambique,2016,MOZ,2.393185412,0.601186055,38.236,65.3,26.9,5.733464241,17.52123909,1.574026967,64,301,17.4,110,106,114,2.4,27.6,53.44393425,28.10895765,51.06813409,60.2
Myanmar,2016,MMR,39.80993991,0.565197564,17.861,23.6,67.8,8.172048569,25.07330424,0.532319253,190,245,21.5,156.4,133,188,1.9,12.6,80.84426367,64.70898086,76.38364622,52.9
Namibia,2016,NAM,27.49968407,0.402189315,29.534,49.3,40.9,189.0308685,31.03334594,0.761841697,130,207,18.7,145,129,168,1.5,18.3,82.21805725,34.21341445,51.89228093,47.1
Nauru,2016,NRU,..,..,..,..,..,866.5294189,..,..,..,..,..,..,..,..,..,..,99.48493442,65.59552643,65.59552643,..
Nepal,2016,NPL,89.81199891,0.802840045,20.515,25,66.2,8.444965363,19.68876384,0.473845878,210,200,19.2,193.8,173,217,0.3,19.8,88.34640596,58.8717272,64.93630352,42.7
Netherlands,2016,NLD,100,0.061932528,10.1,5.2,89.6,3081.033447,90.4109589,0.009194423,10900,6,9.7,13.7,11,17,0.1,0.2,99.99999928,97.72421693,97.5,12.5
New Caledonia,2016,NCL,100,..,15.4,..,..,..,..,..,..,..,..,..,..,..,..,..,99.32859759,100,..,..
New Zealand,2016,NZL,100,0.043180537,12.65,4.6,89.5,2792.192383,88.47018635,0.018237049,5500,10,8.6,7.2,6,9,0.1,0.1,99.99999869,99.99999869,100,13
Nicaragua,2016,NIC,65.57445856,0.222145883,21.468,10.9,76.4,112.9128189,24.57183396,0.268941433,370,100,13.7,55.7,50,63,0.4,2.2,81.50474058,74.38843114,83.67279488,29.2
Niger,2016,NER,9.839402049,1.466811574,47.017,62.7,27,5.509514809,4.32275803,3.947401943,25,530,19.8,251.8,237,267,3,70.8,49.50156237,13.16234617,42.82032011,77.3
Nigeria,2016,NGA,33.97045837,1.748638294,38.873,62.7,29,10.33370018,25.67,4.96568115,20,925,23.9,307.4,313,301,2.2,68.6,70.02552775,38.4146317,46.65399371,68.3
North America,2016,NAC,100,0.110931911,12.03870907,5.233510975,88.3,7595.002324,86.11499711,0.032413467,3100,18,11.40786076,12.66664279,9.498398324,16.19400087,0.749839832,0.220106578,99.27879238,99.90493978,99.93500571,8.579878571
North Macedonia,2016,MKD,100,0.267463718,11.075,1.9,95.3,208.4133759,72.15681447,0.012269166,8200,8,15.4,82.2,64,103,0.3,0.1,93.15266666,98.7025715,99.9997092,25.1
Northern Mariana Islands,2016,MNP,100,..,..,..,..,..,..,..,..,..,..,..,..,..,..,..,100,78.69368964,..,..
Norway,2016,NOR,100,0.026989305,11.3,7.3,87,6400.700195,97.29820367,0.004419631,22600,3,7.7,8.6,7,10,0.1,0.2,99.99999652,98.05554158,98,12.1
Not classified,2016,INX,..,..,..,..,..,..,..,..,..,..,..,..,..,..,..,..,..,..,..,..
OECD members,2016,OED,99.83525322,0.089521328,11.68213556,6.683706931,87.62969,3727.373454,80.71077102,0.025584027,3900,15,9.499375862,18.87582631,13.77761591,25.03940725,0.395815738,0.379640452,99.43320937,98.43072368,98.64852461,15.9842465
Oman,2016,OMN,100,0.093063633,20.292,10.5,71.9,573.1263428,76.84539047,0.064319585,1600,19,15.5,53.9,43,62,0.1,0.1,91.75999743,99.99999724,100,38.4
Other small states,2016,OSS,50.64607008,0.134212374,23.74460358,39.52580624,51.84732146,412.7891995,46.29104983,1.019029989,98,310,16.58338197,113.4078719,107.4362456,120.9559713,1.137275457,16.19518389,85.51659507,65.68729438,69.51575495,51.13166946
Pacific island small states,2016,PSS,74.29413015,0.715995801,26.64946924,15.10603512,78.29576371,121.8325473,30.23606451,0.257156239,390,71,21.78715839,115.9792341,90.43370728,144.340114,0.442241982,5.232261326,85.5467479,69.15485431,87.93426942,38.71766315
Pakistan,2016,PAK,55.32779296,0.822809753,28.888,34.9,57.8,11.78534031,12.38544676,0.56488114,180,143,22.6,173.6,149,197,3.9,19.6,91.1401418,58.2573676,76.17757496,58.8
Palau,2016,PLW,100,..,12,..,..,875.4070435,..,..,..,..,..,..,..,..,..,..,100.0000044,100.0000044,100,..
Panama,2016,PAN,91.18976845,0.096224436,19.562,15.6,74.6,682.4314575,54,0.143682263,700,55,10.8,25.8,21,31,0.2,1.9,95.97945203,82.22911762,91.43779786,28.7
Papua New Guinea,2016,PNG,44.91242252,0.78581819,27.669,36.1,55.9,43.08295822,9.601538462,0.553796019,180,148,26.6,152,125,184,0.7,16.3,40.73221696,13.53812308,48.66761587,48.4
Paraguay,2016,PRY,96.05128102,0.214192061,20.993,13.7,74.4,168.9285583,53.40412748,0.358410342,280,130,16.3,57.5,49,66,0.3,1.5,98.56574807,88.72906349,93.65752154,25.7
Peru,2016,PER,77.9748409,0.116308727,18.323,20.3,69.2,194.5569,45.46174069,0.218255796,460,91,11.2,63.9,55,74,0.6,1.3,90.58556948,73.84703641,79.43953623,31.9
Philippines,2016,PHL,88.58400405,0.356610644,21.623,25.2,67.3,41.23924637,55.5,0.35384476,280,124,21,185.2,151,225,0.2,4.2,93.07371231,75.39533489,77.99708146,17.5
Poland,2016,POL,100,0.136877306,10.1,5,90.3,559.7526855,73.3007041,0.003477065,28800,2,12.4,37.9,26,53,0.2,0.1,99.38384893,98.38310106,98.24067572,26.3
Portugal,2016,PRT,100,0.060684765,8.4,10.2,85.6,1194.372681,70.42356709,0.010469855,9600,9,7,9.8,7,13,0.2,0.2,99.90618404,99.56670609,99.44502978,13.5
Post-demographic dividend,2016,PST,99.98099132,0.086407479,10.42435551,6.419955548,88.23830001,4295.442904,83.20461215,0.01806636,5500,11,9.273247172,17.40172279,12.85244993,23.05955704,0.472588268,0.317216124,99.23147342,99.1780663,99.13413104,12.55156284
Pre-demographic dividend,2016,PRE,26.28325881,1.132190466,37.52677744,57.06802865,32.37142665,13.50962767,16.5090307,3.017399268,33,575,20.95035935,197.0222817,192.6548672,201.5926602,2.183614981,48.51548462,60.99309215,32.79740084,47.17771464,60.57540329
Puerto Rico,2016,PRI,100,0.097838944,8.3,..,..,..,68.6438072,0.024707174,4000,20,..,..,..,..,..,..,97.120988,97.16391209,..,28.4
Qatar,2016,QAT,100,0.045040156,9.862,5.2,68.9,1491.390991,95.12466217,0.020392763,4900,9,13.7,47.4,37,52,0.1,0.1,99.62980166,100,..,26.3
Romania,2016,ROU,100,0.141772026,10.4,4.2,92.2,372.3422546,59.50395129,0.030217846,3300,21,13.9,59.3,44,79,0.3,0.4,100,83.55720095,95.11437176,26.8
Russian Federation,2016,RUS,100,0.230364316,12.9,4.8,87.4,267.1702576,73.09143462,0.032981337,3000,18,16.1,49.4,33,73,0.8,0.1,96.96095058,90.06288151,94.69589703,25.7
Rwanda,2016,RWA,18.96498558,0.882363285,32.353,42.4,44,16.28963089,20,1.131759903,88,260,17,121.4,118,125,1.5,19.3,56.9816187,65.41228848,52.65249937,36.2
Samoa,2016,WSM,99.76723635,0.419542718,25.036,12,81,173.4987793,29.41173011,0.174042785,570,44,14.7,85,58,116,0.3,1.5,97.30364572,98.11713321,98.5081203,43
San Marino,2016,SMR,100,..,7.9,..,..,2421.986816,..,..,..,..,..,..,..,..,..,..,100,100,..,..
Sao Tome and Principe,2016,STP,45.95696549,1.029045379,32.437,33.9,54.7,45.07312012,28,0.610424543,160,130,18.6,162.4,158,168,0.1,11.4,84.20084459,42.82965042,47.62429371,65.3
Saudi Arabia,2016,SAU,100,0.152247213,18.858,10.6,73.2,777.9089355,74.87927469,0.043625288,2300,17,14.2,83.7,72,93,0.5,0.1,99.86361215,99.90776106,..,37.8
Senegal,2016,SEN,44.50023739,0.614834877,35.727,45.7,42.1,13.18590832,25.66476804,1.627665839,61,330,17.2,160.7,152,172,1.6,23.9,79.46231534,50.78331894,64.95361319,67.9
Serbia,2016,SRB,100,0.318255519,9.2,2.4,94.6,286.5556335,67.05684137,0.017510472,5700,12,13.7,62.5,47,82,0.2,0.7,85.5288502,97.60069851,99.49463648,26.4
Seychelles,2016,SYC,100,..,17.4,11.9,80.8,542.5373535,56.51470815,0.128231297,780,54,13.2,49.3,31,70,0.5,0.2,96.24901256,100,..,35
Sierra Leone,2016,SLE,1.640354769,1.927689513,34.483,57.9,33.2,9.642926216,11.77318438,5.001759358,20,1120,32.6,324.1,333,314,3.1,81.3,59.56314329,15.29304218,25.31701683,77.3
Singapore,2016,SGP,100,0.078191466,9.4,22.7,73.6,1178.819702,84.45226789,0.010204088,9800,8,6.9,25.9,19,33,0.1,0.1,100,100,100,16.9
Sint Maarten (Dutch part),2016,SXM,100,..,..,..,..,..,..,..,..,..,..,..,..,..,..,..,95.07411955,98.78102656,..,..
Slovak Republic,2016,SVK,100,0.099809732,10.6,4.8,89.2,937.250061,80.47585728,0.00846211,11800,6,11.2,33.5,24,47,0.3,0.1,99.7875169,97.93170395,98.89492586,26.1
Slovenia,2016,SVN,100,0.052261832,9.9,5,88.4,1325.873413,75.49850426,0.01149744,8700,7,8.9,22.6,17,29,0.2,0.1,99.53438258,99.10944205,99.13232104,26.9
Small states,2016,SST,62.5000821,0.154016563,22.55539629,33.38211214,57.92230927,375.9592508,46.56373052,0.810140208,120,264,16.89379763,100.5102263,92.37348733,110.010625,0.926484017,12.74710943,87.15116067,70.20368997,72.87618702,47.36399212
Solomon Islands,2016,SLB,55.10306133,1.308098393,33.255,22.2,68.9,73.61877441,11.00090227,0.508769983,200,108,21.4,137,116,158,0.4,6.2,68.54479987,32.75394136,77.60587803,42.9
Somalia,2016,SOM,8.123170619,..,42.096,64.2,23.9,..,1.88,5.335751252,19,865,22,212.8,204,222,3.2,86.6,50.81510642,37.00522937,59.94588905,55.8
South Africa,2016,ZAF,67.6624847,0.301598281,21.314,39.6,51.3,230.4917297,54,0.313375078,320,122,21.2,86.7,66,118,1.1,13.7,92.27031216,74.82487755,76.00077975,36.8
South Asia,2016,SAS,80.77523073,0.785206073,19.91113094,26.95450038,62.35187644,14.95317654,20.23984948,0.445142032,220,169,20.10686466,179.2845691,160.7331011,197.3536916,1.926876799,17.82264346,91.58773847,56.4119849,69.33749996,55.11774562
South Asia (IDA & IBRD),2016,TSA,80.77523073,0.785206073,19.91113094,26.95450038,62.35187644,14.95317654,20.23984948,0.445142032,220,169,20.10686466,179.2845691,160.7331011,197.3536916,1.926876799,17.82264346,91.58773847,56.4119849,69.33749996,55.11774562
South Sudan,2016,SSD,18.5306122,..,35.738,63.4,27.3,..,6.679728051,5.407140238,18,1130,19.5,165.1,161,169,2.7,63.3,40.81390459,10.43676984,33.53325594,58
Spain,2016,ESP,100,0.045216496,8.8,5.1,91.4,1699.525879,80.56133294,0.004869382,20500,4,6.4,9.9,6,14,0.2,0.2,99.92650556,99.90428643,99.88011564,13.1
Sri Lanka,2016,LKA,94.81399123,0.334767583,16.364,7.5,82.8,66.01750946,16.4,0.079310411,1300,36,13.2,79.8,63,100,0.3,1.2,88.83598462,95.10703002,93.74618129,25.6
St. Kitts and Nevis,2016,KNA,100,..,..,..,..,401.8126526,76.81767491,..,..,..,..,..,..,..,..,..,..,..,..,..
St. Lucia,2016,LCA,98.39997239,0.200546979,12.271,9.7,82,205.7016449,46.72907806,0.173647116,580,117,16.9,30,25,36,0.2,0.6,98.16222649,88.35991069,77.79603573,35.3
St. Martin (French part),2016,MAF,100,..,15.2,..,..,..,..,..,..,..,..,..,..,..,..,..,..,..,..,..
St. Vincent and the Grenadines,2016,VCT,100,0.257131314,14.58,13.4,81,192.0630951,20.68943522,0.133469608,750,67,19.1,47.6,40,56,0.2,1.3,95.1452199,87.1843449,..,32.9
Sub-Saharan Africa,2016,SSF,24.76350777,0.978718033,36.13155092,56.35656371,33.68902522,27.43749986,19.34122243,2.714709187,37,545,20.56137003,187.0884105,181.59682,193.3127852,2.162181259,47.1711815,60.01195185,30.30833626,44.35039544,59.93495631
Sub-Saharan Africa (excluding high income),2016,SSA,24.75843683,0.978718033,36.13328546,56.3603958,33.68496432,27.38572467,19.33774262,2.714947464,37,545,20.56250556,187.1011697,181.6103351,193.3245581,2.162330429,47.17553102,60.0085963,30.30188282,44.35039544,59.93614485
Sub-Saharan Africa (IDA & IBRD countries),2016,TSS,24.76350777,0.978718033,36.13155092,56.35656371,33.68902522,27.43749986,19.34122243,2.714709187,37,545,20.56137003,187.0884105,181.59682,193.3127852,2.162181259,47.1711815,60.01195185,30.30833626,44.35039544,59.93495631
Sudan,2016,SDN,38.5142391,1.366353351,32.923,35.2,52.2,39.03155518,14.09999994,1.41229885,71,308,24.3,184.9,175,196,2.9,17.3,60.21588504,36.48562591,60.14022363,57.2
Suriname,2016,SUR,89.31239459,0.192163154,19.042,13.3,75.9,220.4223938,45.4,0.308329313,320,121,17.2,56.7,42,74,0.3,2,94.51939812,84.14052193,89.405496,34.3
Sweden,2016,SWE,100,0.023309769,11.8,5.2,89.9,4759.442871,89.65094761,0.008172208,12200,4,7.6,7.2,6,9,0.3,0.2,99.99999628,99.29786352,99.24518362,12.3
Switzerland,2016,CHE,100,0.04649676,10.5,4.3,89.6,2921.820801,89.13468774,0.008182971,12200,5,6.6,10.1,8,13,0.1,0.1,100,99.89036265,99.8998999,12.9
Syrian Arab Republic,2016,SYR,78.21584189,..,24.525,5.1,45.1,..,31.86962727,0.094620411,1100,30,18.7,75.2,62,90,0.4,3.7,97.05907506,91.39603204,91.85587206,34.9
Tajikistan,2016,TJK,99.96166777,0.574180886,31.822,23.2,69.2,15.92824364,20.47,0.07376898,1400,17,22,129.3,115,145,0.9,2.7,79.62584952,96.57566996,94.81166654,31.3
Tanzania,2016,TZA,17.27067963,0.637999956,37.461,55.8,32.9,14.4214201,13,2.856217975,35,539,17.4,139,135,143,2.2,38.4,54.8475368,28.3903801,40.75838118,55.2
Thailand,2016,THA,100,0.168133913,10.676,15.8,74,171.1592865,47.50496562,0.052834078,1900,37,11,61.5,47,79,0.3,3.5,99.37380508,98.39644593,98.63029247,28.3
Timor-Leste,2016,TLS,67.18119347,1.245927515,29.399,45.6,45.4,44.55055618,25.24624959,0.645683614,150,152,18,139.8,130,150,0.4,9.9,76.65939151,52.42056634,75.14233228,61.4
Togo,2016,TGO,20.16340895,0.973941864,34.016,51.7,37.6,7.781148911,11.31,1.811697494,55,395,23.1,249.6,234,267,1.8,41.6,64.02143935,15.71230508,28.39883093,71
Tonga,2016,TON,96.53304185,0.398120622,24.977,11.7,82.7,119.2762451,39.95,0.19179611,520,53,17.5,73.3,48,107,1.2,1.4,99.90673707,93.44744852,96.59960695,37.9
Trinidad and Tobago,2016,TTO,100,0.152739311,13.662,9,80.7,561.6181641,73.29694122,0.123571631,810,68,18,38.6,30,49,0.2,0.1,98.18496206,93.39890595,..,32.1
Tunisia,2016,TUN,100,0.218477802,18.405,7.8,85.8,145.2722626,49.59999484,0.106584857,940,45,12.2,56.1,42,72,0.4,1,95.99240298,90.88012796,95.29350413,28.8
Turkey,2016,TUR,100,0.18138487,16.494,4.4,89.4,367.6174011,58.34773401,0.038059167,2600,18,11.3,46.6,29,69,0.2,0.3,98.8808736,97.24644345,99.82244537,28
Turkmenistan,2016,TKM,100,0.287053033,25.37,17.2,76.2,78.59449005,17.99032446,0.02448392,4100,8,22.9,79.3,63,100,0.6,4,98.70372359,98.27203549,97.35537,28.1
Turks and Caicos Islands,2016,TCA,100,..,..,..,..,..,..,..,..,..,..,..,..,..,..,..,94.31818182,87.98863636,..,..
Tuvalu,2016,TUV,99.16041757,..,..,..,..,428.7291565,46.00915151,..,..,..,..,..,..,..,..,..,99.26516001,84.1088306,82.75888889,..
Uganda,2016,UGA,17.69437577,0.7109397,39.8,54.5,32.9,6.22710371,21.87617046,2.133774399,47,381,20.3,155.7,155,156,2.4,31.6,47.66563132,18.45123259,26.3629738,51.1
Ukraine,2016,UKR,100,0.304597079,10.3,4.1,91,59.88135529,53,0.02880325,3500,20,16.2,70.7,51,100,1.1,0.3,93.72407865,96.22086112,97.39260155,26
United Arab Emirates,2016,ARE,100,0.093264797,10.603,6.5,76.8,938.5952759,90.60000732,0.005711886,17500,3,15.5,54.7,45,59,0.3,0.1,97.40736883,98.58189561,..,27.2
United Kingdom,2016,GBR,100,0.069485093,11.8,7.7,88.8,3159.670898,94.77580063,0.013098866,7600,7,9,13.8,11,17,0.2,0.2,100,99.11142063,99.03639669,11.8
United States,2016,USA,100,0.115860384,12.2,5.2,88.3,4982.000488,85.54442129,0.034195304,2900,19,11.8,13.3,10,17,0.8,0.2,99.26370936,99.96981214,99.98915601,8.5
Upper middle income,2016,UMC,98.45756442,0.24074848,14.82748741,7.495997628,84.27900459,248.2259285,55.224542,0.083647325,1200,44,14.15323951,82.48195101,70.00789892,96.57226918,1.052445965,1.163645617,94.3076694,86.24742825,91.36403742,25.10755372
Uruguay,2016,URY,100,0.080961235,14.057,7.6,84.9,977.1900635,66.4,0.036386855,2700,18,12.5,17.5,12,25,0.3,0.4,99.32289176,96.40118042,96.41654217,23.1
Uzbekistan,2016,UZB,100,0.404862392,22.8,10.3,83.7,62.32369614,46.79128694,0.08116469,1200,29,19.6,81.1,66,100,0.5,0.4,97.68127082,100,100,36.6
Vanuatu,2016,VUT,46.58965642,1.26314185,30.424,18.8,74.1,59.16068649,24,0.310886034,320,74,19.2,135.6,111,162,0.4,10.4,90.66152379,36.08802415,49.73298597,28.3
"Venezuela, RB",2016,VEN,99.72621852,..,18.61,11.3,69.5,71.45217133,60,0.292389482,340,121,14.5,34.6,26,45,0.2,1.4,95.77836687,93.93501902,..,30
Vietnam,2016,VNM,100,0.203734038,17.15,11.5,77.2,58.26557159,53,0.095921744,1000,44,11.5,64.5,43,95,0.1,1.6,93.99012251,81.85570363,93.61424481,33.9
Virgin Islands (U.S.),2016,VIR,100,..,13,..,..,..,59.6083158,..,..,..,..,..,..,..,..,..,98.71826738,99.37127753,..,..
West Bank and Gaza,2016,PSE,100,..,30.572,..,..,..,61.17838483,0.124497152,800,29,..,..,..,..,..,..,96.47566794,96.9275988,97.19336735,26.4
World,2016,WLD,77.37647216,0.182417466,18.96078391,20.17716952,71.24532155,762.5432873,44.70369974,0.545906104,180,214,15.65098732,114.1495806,101.0111966,128.5878801,1.252075513,11.759091,89.19471065,72.48968099,83.95996274,41.7
"Yemen, Rep.",2016,YEM,64.35986727,1.838899087,31.627,28.7,56.6,..,24.57920836,0.700948502,140,165,28.2,194.2,179,211,2.7,10.2,63.32203386,58.77298382,87.85827458,83.5
Zambia,2016,ZMB,9.182741984,0.727591954,37.292,60.6,29.2,21.65057373,25.50657885,1.136339587,88,222,17.4,127.2,121,134,2.1,34.9,59.2385641,26.08649095,36.23562282,54.2
Zimbabwe,2016,ZWE,18.12871685,0.89509097,32.864,54.6,33,45.87152481,23.11998904,1.91110118,52,468,19.8,133,133,133,2.3,24.6,64.51161604,36.89173117,47.5874732,41.7
,,,,,,,,,,,,,,,,,,,,,,
,,,,,,,,,,,,,,,,,,,,,,
,,,,,,,,,,,,,,,,,,,,,,
,Data from database: World Development Indicators,,,,,,,,,,,,,,,,,,,,,
,Last Updated: 04/09/2020,,,,,,,,,,,,,,,,,,,,,
